ID,Name,Age,Parent_ID
200,Bernardine,9,105
201,Raf,0,108
202,Deane,10,100
203,Gilligan,9,106
204,Pierette,11,107
205,Elbertina,17,105
206,Glynnis,10,108
207,Tamqrah,9,107
208,Nerta,3,105
209,Livvyy,16,109
210,Elka,1,108
211,Alameda,9,107
212,Peri,11,104
213,Beverley,18,101
214,Merry,1,105
215,Corly,11,100
216,Maridel,13,100
217,Deirdre,3,108
218,Jessy,10,102
219,Kristina,17,101
220,Lynea,5,104
221,Lorne,17,102
222,Maridel,1,108
223,Valera,4,106
224,Queenie,18,105
225,Addia,17,104
226,Shell,4,100
227,Florencia,14,106
228,Silvana,16,103
229,Annice,4,101