ID,Name,Age,Address_Street,Address_Number,Address_City,Address_Country
100,Marisa,38,Santa Cruz de Tenerifestreet,60,Santa Cruz de Tenerife,Mauritius
101,Borrell,45,Salzburgstreet,52,Salzburg,Costa Rica
102,Soneson,64,Banguistreet,128,Bangui,Kenya
103,Mehalek,36,Mogadishustreet,156,Mogadishu,Brunei Darussalam
104,Seagraves,75,Hiroshimastreet,156,Hiroshima,Mauritius
105,Rillings,76,Birkirkarastreet,68,Birkirkara,Vanuatu
106,Gaynor,29,Melekeokstreet,138,Melekeok,Norway
107,Chesna,83,Pueblastreet,68,Puebla,Solomon Islands
108,Jaylene,89,San Antoniostreet,210,San Antonio,Djibouti
109,Dash,20,Oranjestadstreet,139,Oranjestad,Northern Mariana Islands